CREATE TABLE IF NOT EXISTS CUSTOMERS (
    CUSTOMER_ID TEXT,
    CUSTOMER_NAME TEXT PRIMARY KEY,
    CITY TEXT,
    GRADE INTEGER,
    SALESMAN_ID TEXT,
    FOREIGN KEY (SALESMAN_ID) REFERENCES CUSTOMER (SALESMAN_ID)
);

INSERT INTO CUSTOMERS (CUSTOMER_ID, CUSTOMER_NAME, CITY, GRADE, SALESMAN_ID) VALUES
    ('3002', 'nick rimando', 'New York', 100, '5001'),
    ('3007', 'brad davis', 'New York', 200, '5001'),
    ('3005', 'graham zusi', 'California', 200, '5002'),
    ('3008', 'julian green', 'London', 300, '5002'),
    ('3004', 'fabian johnson', 'Paris', 300, '5006'),
    ('3009', 'geoff cameron', 'Berlin', 100, '5003'),
    ('3003', 'jozy altidor', 'Moscow', 200, '5007'),
    ('3001', 'brad guzan', 'London', NULL, '5005');

CREATE TABLE IF NOT EXISTS SALESMAN (
    SALESMAN_ID TEXT PRIMARY KEY,
    NAME TEXT,
    CITY TEXT,
    COMMISSION REAL
);

INSERT INTO SALESMAN (SALESMAN_ID, NAME, CITY, COMMISSION) VALUES
    ('5001', 'James Hoog', 'New York', 0.15),
    ('5002', 'Nail Knite', 'Paris', 0.13),
    ('5005', 'Pit Alex', 'London', 0.11),
    ('5006', 'Mc Lyon', 'Paris', 0.14),
    ('5007', 'Paul Adam', 'Rome', 0.13),
    ('5003', 'Lauson Hen', 'San Jose', 0.12);

CREATE TABLE IF NOT EXISTS ORDERS (
    ORD_NO TEXT PRIMARY KEY,
    PURCH_AMT REAL,
    ORD_DATE TEXT,
    CUSTOMER_ID TEXT,
    SALESMAN_ID TEXT,
    FOREIGN KEY (SALESMAN_ID) REFERENCES SALESMAN (SALESMAN_ID)
    FOREIGN KEY (CUSTOMER_ID) REFERENCES CUSTOMERS (CUSTOMER_ID)
);

INSERT INTO ORDERS (ORD_NO, PURCH_AMT, ORD_DATE, CUSTOMER_ID, SALESMAN_ID) VALUES
    ('70001', 150.5, '2012-10-05', '3005', '5002'),
    ('70009', 270.65, '2012-09-10', '3001', '5001'),
    ('70002', 65.26, '2012-10-05', '3002', '5003'),
    ('70004', 110.5, '2012-08-17', '3009', '5007'),
    ('70007', 948.5, '2012-09-10', '3005', '5005'),
    ('70005', 2400.6, '2012-07-27', '3007', '5006');

SELECT * FROM CUSTOMERS;
SELECT * FROM SALESMAN;
SELECT * FROM ORDERS;

SELECT CUSTOMER.CUSTOMER_NAME, SALESMAN.NAME, SALESMAN.CITY
FROM CUSTOMERS
JOIN SALESMAN ON CUSTOMER.CITY = SALESMAN.CITY

SELECT CUSTOMER.CUSTOMER_NAME, SALESMAN.NAME
FROM CUSTOMER
JOIN SALESMAN ON